epoch,time,train/box_loss,train/cls_loss,train/dfl_loss,metrics/precision(B),metrics/recall(B),metrics/mAP50(B),metrics/mAP50-95(B),val/box_loss,val/cls_loss,val/dfl_loss,lr/pg0,lr/pg1,lr/pg2
1,2.35728,0.75501,2.68977,1.14544,0.00333,1,0.54791,0.35962,0.51543,2.82333,0.94288,0.0001,0.0001,0.0001
2,3.69867,0.46484,1.92446,0.98848,0.00333,1,0.94438,0.90741,0.24626,2.48741,0.70896,0.000217822,0.000217822,0.000217822
3,4.80086,0.35516,0.90147,0.89737,1,0.301,0.98417,0.87697,0.35411,2.54474,0.77111,0.000333268,0.000333268,0.000333268
4,5.78326,0.39307,0.82444,0.90537,1,0.64317,0.91885,0.91141,0.36815,2.45728,0.80168,0.000446338,0.000446338,0.000446338
5,6.84849,0.34003,0.7857,0.86243,1,0.72328,0.97833,0.92168,0.34437,2.38789,0.76883,0.000557032,0.000557032,0.000557032
6,7.8826,0.36598,0.75413,0.86757,0.99218,0.90909,0.9122,0.89518,0.33952,1.97298,0.73453,0.00066535,0.00066535,0.00066535
7,8.86784,0.3617,0.80126,0.89044,1,0.90661,0.90693,0.89406,0.30933,1.61493,0.72984,0.000771292,0.000771292,0.000771292
8,9.84691,0.36877,0.77712,0.88933,0.97503,0.90909,0.90702,0.87256,0.27529,1.43802,0.69853,0.000874858,0.000874858,0.000874858
9,10.8858,0.41911,0.80771,0.88372,0.9964,0.90909,0.90703,0.90057,0.33123,1.26773,0.75107,0.000976048,0.000976048,0.000976048
10,12.2198,0.3699,0.71283,0.88013,1,0.90808,0.90739,0.90171,0.30126,1.33024,0.71099,0.00107486,0.00107486,0.00107486
11,13.3108,0.33625,0.6423,0.86572,0.99446,0.90909,0.90577,0.85451,0.39639,1.11227,0.75648,0.0011713,0.0011713,0.0011713
12,14.3448,0.34174,0.65346,0.84149,0.99532,0.90909,0.91325,0.9015,0.39292,0.97706,0.76498,0.00126536,0.00126536,0.00126536
13,15.5007,0.36293,0.63462,0.86148,0.99141,0.90909,0.90822,0.86404,0.48826,1.02116,0.79394,0.00135705,0.00135705,0.00135705
14,16.7858,0.35424,0.63916,0.88359,0.9965,0.90909,0.98115,0.83649,0.43394,1.02998,0.7874,0.00144636,0.00144636,0.00144636
15,17.874,0.39875,0.71559,0.88897,0.90873,0.90531,0.90443,0.86182,0.41125,1.0617,0.78923,0.00153329,0.00153329,0.00153329
16,18.9674,0.36001,0.61962,0.86831,0.83882,0.94653,0.89038,0.80199,0.40163,1.01457,0.77308,0.00161785,0.00161785,0.00161785
17,19.9953,0.35327,0.59274,0.86301,0.82736,0.90909,0.87494,0.7775,0.41815,0.92457,0.76788,0.0016832,0.0016832,0.0016832
18,21.0519,0.34637,0.59963,0.8673,0.90342,0.90909,0.827,0.81715,0.37157,0.83862,0.74147,0.0016634,0.0016634,0.0016634
19,22.1646,0.34303,0.57172,0.86504,0.90487,0.90909,0.89976,0.85191,0.37191,0.77043,0.76487,0.0016436,0.0016436,0.0016436
20,23.1552,0.38176,0.60671,0.86702,0.90325,0.90909,0.89007,0.88268,0.32169,0.76499,0.7517,0.0016238,0.0016238,0.0016238
21,24.1748,0.32417,0.53523,0.84953,0.90907,0.90909,0.90764,0.85515,0.37602,0.73744,0.76272,0.001604,0.001604,0.001604
22,25.1471,0.3363,0.54002,0.8522,0.90725,0.90909,0.90686,0.8991,0.27634,0.66527,0.68929,0.0015842,0.0015842,0.0015842
23,26.2132,0.31923,0.49278,0.84399,0.90522,0.90909,0.90657,0.89992,0.26197,0.67957,0.69716,0.0015644,0.0015644,0.0015644
24,27.458,0.35461,0.51852,0.8858,0.90324,0.90909,0.90654,0.90004,0.22868,0.81672,0.67322,0.0015446,0.0015446,0.0015446
25,28.7197,0.30817,0.48701,0.85313,0.90168,0.90909,0.90674,0.90153,0.25376,1.0885,0.68707,0.0015248,0.0015248,0.0015248
26,29.8855,0.31571,0.46985,0.84929,0.8944,0.90909,0.90708,0.90053,0.30026,0.732,0.71667,0.001505,0.001505,0.001505
27,30.9746,0.33137,0.47063,0.85255,0.88901,0.90909,0.90749,0.90165,0.29253,0.76779,0.70689,0.0014852,0.0014852,0.0014852
28,32.0338,0.29485,0.43683,0.82643,0.88418,0.90909,0.90815,0.90103,0.23789,0.78413,0.68081,0.0014654,0.0014654,0.0014654
29,33.2721,0.2877,0.41966,0.81632,0.90067,0.90909,0.90882,0.87507,0.27513,0.67183,0.68981,0.0014456,0.0014456,0.0014456
30,34.3676,0.28452,0.4155,0.85201,0.98722,0.86364,0.90127,0.89155,0.32459,0.53519,0.71005,0.0014258,0.0014258,0.0014258
31,35.6837,0.29323,0.42641,0.86959,1,0.90581,0.90643,0.89858,0.29607,0.52482,0.70261,0.001406,0.001406,0.001406
32,36.766,0.31836,0.41001,0.82457,0.99425,0.90909,0.90667,0.89953,0.27732,0.52536,0.69206,0.0013862,0.0013862,0.0013862
33,37.9379,0.28634,0.39387,0.82917,0.99217,0.90909,0.90661,0.87457,0.27004,0.49027,0.6887,0.0013664,0.0013664,0.0013664
34,39.0398,0.31035,0.39666,0.84904,0.90874,0.90909,0.90744,0.89915,0.2203,0.4532,0.66709,0.0013466,0.0013466,0.0013466
35,40.0378,0.31434,0.40836,0.85476,0.9082,0.90909,0.90682,0.90043,0.23101,0.43033,0.67274,0.0013268,0.0013268,0.0013268
36,41.0338,0.28943,0.40185,0.84687,0.9801,0.90909,0.90703,0.90014,0.21068,0.40602,0.66049,0.001307,0.001307,0.001307
37,42.0785,0.29371,0.40321,0.85646,0.98443,0.90909,0.90755,0.89923,0.26064,0.44486,0.68197,0.0012872,0.0012872,0.0012872
38,43.0739,0.29389,0.39744,0.85498,0.96601,0.90909,0.9063,0.87964,0.33868,0.55704,0.72882,0.0012674,0.0012674,0.0012674
39,44.1541,0.27737,0.36428,0.83,0.96947,0.90909,0.90796,0.89757,0.30271,0.51005,0.71851,0.0012476,0.0012476,0.0012476
40,45.3929,0.27654,0.3543,0.85906,0.9729,0.90909,0.90819,0.89937,0.2211,0.47856,0.67053,0.0012278,0.0012278,0.0012278
41,46.5398,0.27875,0.36727,0.85556,0.98115,0.90909,0.90647,0.8992,0.2252,0.44991,0.68634,0.001208,0.001208,0.001208
42,47.5734,0.26942,0.35345,0.85533,0.95749,0.90909,0.90927,0.90077,0.19484,0.36577,0.67461,0.0011882,0.0011882,0.0011882
43,48.8413,0.24279,0.33782,0.81986,0.90532,0.90909,0.91121,0.901,0.1828,0.40045,0.6608,0.0011684,0.0011684,0.0011684
44,49.9077,0.26949,0.34867,0.85057,0.90857,0.90909,0.91009,0.90254,0.28115,0.46124,0.70047,0.0011486,0.0011486,0.0011486
45,50.9714,0.24783,0.33132,0.85091,0.96022,0.90909,0.90695,0.90065,0.24458,0.44541,0.69382,0.0011288,0.0011288,0.0011288
46,52.0345,0.2398,0.32131,0.85813,0.90875,0.90909,0.90739,0.90026,0.22653,0.49786,0.69648,0.001109,0.001109,0.001109
47,53.0116,0.23425,0.33136,0.86075,0.90895,0.90909,0.90741,0.9003,0.19701,0.48244,0.66803,0.0010892,0.0010892,0.0010892
48,54.205,0.24123,0.32135,0.84057,0.90463,0.90909,0.90684,0.90103,0.22302,0.48254,0.68563,0.0010694,0.0010694,0.0010694
49,55.2917,0.23859,0.34083,0.82958,0.90628,0.90909,0.90702,0.90162,0.21427,0.42934,0.68964,0.0010496,0.0010496,0.0010496
50,56.317,0.23646,0.31655,0.84177,0.90369,0.90909,0.91041,0.90274,0.21146,0.44946,0.67377,0.0010298,0.0010298,0.0010298
51,57.3654,0.22173,0.32579,0.84663,0.90332,0.90909,0.91079,0.90265,0.21951,0.46857,0.67793,0.00101,0.00101,0.00101
52,58.3918,0.21881,0.30236,0.81207,0.90603,0.90909,0.90651,0.9017,0.19834,0.43033,0.67575,0.0009902,0.0009902,0.0009902
53,59.4932,0.23164,0.31063,0.84554,0.90558,0.90909,0.90632,0.90172,0.21282,0.431,0.67624,0.0009704,0.0009704,0.0009704
54,60.6615,0.20508,0.30915,0.8246,0.9058,0.90909,0.90614,0.88067,0.23614,0.4623,0.68641,0.0009506,0.0009506,0.0009506
55,61.7426,0.19634,0.27367,0.83129,0.90608,0.90909,0.90619,0.90138,0.2322,0.45684,0.68398,0.0009308,0.0009308,0.0009308
56,63.0546,0.21239,0.28384,0.82726,0.90875,0.90909,0.90667,0.90127,0.21315,0.38817,0.68954,0.000911,0.000911,0.000911
57,64.2868,0.21172,0.27363,0.81909,0.96442,0.90909,0.91505,0.90133,0.18915,0.34341,0.68333,0.0008912,0.0008912,0.0008912
58,65.5227,0.18581,0.26639,0.83416,0.98732,0.90909,0.93006,0.9054,0.22238,0.35127,0.69521,0.0008714,0.0008714,0.0008714
59,66.5781,0.21286,0.27039,0.83563,0.98965,0.90909,0.92829,0.90708,0.23516,0.35864,0.70779,0.0008516,0.0008516,0.0008516
60,67.637,0.22287,0.29115,0.82712,0.98474,0.90909,0.92584,0.90507,0.18763,0.34508,0.68989,0.0008318,0.0008318,0.0008318
61,68.7099,0.21125,0.27424,0.84563,0.9081,0.90909,0.91672,0.90121,0.19771,0.35822,0.69045,0.000812,0.000812,0.000812
62,69.927,0.21341,0.28235,0.83515,0.9025,0.90909,0.91452,0.90258,0.17803,0.3557,0.66726,0.0007922,0.0007922,0.0007922
63,70.9529,0.18812,0.25705,0.83855,0.89822,0.90909,0.9013,0.88975,0.20918,0.38273,0.6807,0.0007724,0.0007724,0.0007724
64,71.9842,0.20362,0.25602,0.83102,0.9841,0.90909,0.91376,0.90122,0.19923,0.37348,0.68559,0.0007526,0.0007526,0.0007526
65,73.0737,0.19331,0.25522,0.84634,0.97177,0.90909,0.91346,0.90211,0.20571,0.36918,0.67696,0.0007328,0.0007328,0.0007328
66,74.0549,0.16807,0.24996,0.81723,0.96289,0.90909,0.91588,0.90273,0.20765,0.387,0.6797,0.000713,0.000713,0.000713
67,75.2265,0.19438,0.25182,0.85589,0.9719,0.90909,0.91786,0.90335,0.19092,0.33647,0.67746,0.0006932,0.0006932,0.0006932
68,76.3266,0.17523,0.24031,0.84447,0.98558,0.90909,0.92136,0.90141,0.15978,0.27655,0.66128,0.0006734,0.0006734,0.0006734
69,77.3811,0.18232,0.23497,0.82109,0.98582,0.90909,0.92192,0.90165,0.16903,0.28103,0.65601,0.0006536,0.0006536,0.0006536
70,78.4533,0.17435,0.22889,0.80356,0.97374,0.90909,0.91803,0.90403,0.18116,0.30232,0.65163,0.0006338,0.0006338,0.0006338
71,79.4542,0.17326,0.23459,0.8258,0.9785,0.90909,0.91308,0.90362,0.16893,0.30747,0.65258,0.000614,0.000614,0.000614
72,80.6748,0.18157,0.24397,0.81813,0.97926,0.90909,0.90806,0.90208,0.17809,0.31115,0.65957,0.0005942,0.0005942,0.0005942
73,81.6965,0.17259,0.2483,0.82096,0.98169,0.90909,0.90778,0.90166,0.17718,0.29536,0.66055,0.0005744,0.0005744,0.0005744
74,82.8938,0.1714,0.244,0.8322,0.99193,0.90909,0.90754,0.90084,0.1844,0.27411,0.66278,0.0005546,0.0005546,0.0005546
75,83.8778,0.18269,0.23969,0.82037,0.99339,0.90909,0.90787,0.90212,0.17659,0.258,0.66283,0.0005348,0.0005348,0.0005348
76,84.8124,0.1695,0.23033,0.85015,0.99577,0.90909,0.90754,0.90147,0.17586,0.25206,0.67077,0.000515,0.000515,0.000515
77,85.9176,0.209,0.25598,0.84835,0.99629,0.90909,0.90735,0.90113,0.17265,0.21745,0.66719,0.0004952,0.0004952,0.0004952
78,86.9077,0.19237,0.24257,0.8419,0.99623,0.90909,0.90722,0.90092,0.15415,0.19949,0.65594,0.0004754,0.0004754,0.0004754
79,87.818,0.17413,0.23437,0.84642,0.99558,0.90909,0.90744,0.90075,0.16,0.21238,0.65808,0.0004556,0.0004556,0.0004556
80,88.7683,0.16684,0.23528,0.83735,0.99174,0.90909,0.90756,0.89998,0.17154,0.23488,0.66499,0.0004358,0.0004358,0.0004358
81,89.7568,0.17091,0.2351,0.8306,0.9885,0.90909,0.90758,0.90143,0.18254,0.25384,0.67164,0.000416,0.000416,0.000416
82,90.786,0.16051,0.21296,0.82425,0.98166,0.90909,0.90763,0.90069,0.18606,0.28937,0.68369,0.0003962,0.0003962,0.0003962
83,91.8032,0.16073,0.22006,0.83093,0.98026,0.90909,0.90763,0.9007,0.18706,0.29474,0.68832,0.0003764,0.0003764,0.0003764
84,92.9476,0.15683,0.20342,0.82285,0.97343,0.90909,0.90833,0.90013,0.19251,0.30969,0.69148,0.0003566,0.0003566,0.0003566
85,93.9339,0.14001,0.19503,0.82765,0.96706,0.90909,0.90825,0.90028,0.19127,0.31387,0.6909,0.0003368,0.0003368,0.0003368
86,94.9397,0.16897,0.21056,0.82818,0.95317,0.90909,0.90772,0.90008,0.19694,0.32962,0.69245,0.000317,0.000317,0.000317
87,96.0128,0.14911,0.20111,0.84687,0.90825,0.90909,0.90753,0.90006,0.20511,0.35265,0.69379,0.0002972,0.0002972,0.0002972
88,97.1318,0.16358,0.21068,0.83594,0.90763,0.90909,0.90754,0.90002,0.2194,0.3774,0.69717,0.0002774,0.0002774,0.0002774
89,98.0962,0.1451,0.19865,0.83951,0.90727,0.90909,0.90742,0.89999,0.21278,0.37798,0.69735,0.0002576,0.0002576,0.0002576
90,99.1481,0.14614,0.20098,0.81671,0.90671,0.90909,0.90733,0.90026,0.20732,0.37847,0.7022,0.0002378,0.0002378,0.0002378
91,103.953,0.11315,0.31329,0.7691,0.90736,0.90909,0.90737,0.90025,0.19618,0.37114,0.69362,0.000218,0.000218,0.000218
92,104.966,0.11213,0.24195,0.76616,0.90908,0.90909,0.9075,0.90026,0.16543,0.31994,0.65917,0.0001982,0.0001982,0.0001982
93,105.898,0.10206,0.21886,0.75859,0.9545,0.90909,0.90784,0.9,0.16788,0.31664,0.6596,0.0001784,0.0001784,0.0001784
94,106.954,0.10124,0.2187,0.76322,0.96488,0.90909,0.90857,0.89845,0.18654,0.34803,0.67851,0.0001586,0.0001586,0.0001586
95,107.985,0.10395,0.2416,0.76014,0.96775,0.90909,0.90946,0.89826,0.19837,0.37313,0.68903,0.0001388,0.0001388,0.0001388
96,109.104,0.10249,0.22394,0.77927,0.96894,0.90909,0.91173,0.89916,0.17477,0.35235,0.67554,0.000119,0.000119,0.000119
97,110.102,0.09403,0.22498,0.75683,0.9707,0.90909,0.9122,0.89895,0.1585,0.33716,0.66828,9.92e-05,9.92e-05,9.92e-05
98,111.223,0.096,0.22159,0.75841,0.97085,0.90909,0.91305,0.8997,0.13895,0.32896,0.65827,7.94e-05,7.94e-05,7.94e-05
99,112.326,0.09653,0.20502,0.76641,0.97152,0.90909,0.91335,0.89897,0.13621,0.31631,0.65543,5.96e-05,5.96e-05,5.96e-05
100,113.344,0.09192,0.20232,0.75075,0.97102,0.90909,0.91368,0.89901,0.13217,0.29845,0.65129,3.98e-05,3.98e-05,3.98e-05
