epoch,time,train/box_loss,train/seg_loss,train/cls_loss,train/dfl_loss,metrics/precision(B),metrics/recall(B),metrics/mAP50(B),metrics/mAP50-95(B),metrics/precision(M),metrics/recall(M),metrics/mAP50(M),metrics/mAP50-95(M),val/box_loss,val/seg_loss,val/cls_loss,val/dfl_loss,lr/pg0,lr/pg1,lr/pg2
1,37.9974,0.42318,0.45485,1.04271,0.88518,0.99785,1,0.995,0.97902,0.99785,1,0.995,0.995,0.27231,0.10207,0.78489,0.80419,0.000661765,0.000661765,0.000661765
2,71.9125,0.38177,0.13376,0.58767,0.84175,0.99879,1,0.995,0.96614,0.99879,1,0.995,0.98802,0.28112,0.07567,0.35816,0.81271,0.00131528,0.00131528,0.00131528
3,105.455,0.38655,0.12714,0.48591,0.84194,0.99856,1,0.995,0.95197,0.99856,1,0.995,0.995,0.27679,0.09635,0.37629,0.81179,0.0019556,0.0019556,0.0019556
4,178.33,0.35374,0.11404,0.40451,0.83625,0.99812,1,0.995,0.97143,0.99812,1,0.995,0.995,0.24332,0.06613,0.28739,0.80751,0.0019406,0.0019406,0.0019406
5,213.925,0.32805,0.11343,0.34692,0.82854,0.99882,1,0.995,0.995,0.99882,1,0.995,0.995,0.213,0.07983,0.20673,0.80004,0.0019208,0.0019208,0.0019208
6,290.664,0.29955,0.1048,0.3092,0.83231,0.99882,1,0.995,0.995,0.99882,1,0.995,0.995,0.18379,0.07048,0.17185,0.79699,0.001901,0.001901,0.001901
7,388.867,0.28229,0.10207,0.28304,0.82615,0.99883,1,0.995,0.995,0.99883,1,0.995,0.995,0.17938,0.06198,0.16786,0.79716,0.0018812,0.0018812,0.0018812
8,488.293,0.26918,0.08553,0.26518,0.82278,0.99848,1,0.995,0.995,0.99848,1,0.995,0.995,0.21477,0.06374,0.20539,0.80027,0.0018614,0.0018614,0.0018614
9,585.524,0.27904,0.09034,0.26401,0.82491,0.99885,1,0.995,0.995,0.99885,1,0.995,0.995,0.15385,0.06113,0.15469,0.79385,0.0018416,0.0018416,0.0018416
10,687.307,0.25787,0.08369,0.25068,0.82572,0.99884,1,0.995,0.995,0.99884,1,0.995,0.995,0.21422,0.05648,0.18493,0.8015,0.0018218,0.0018218,0.0018218
11,792.339,0.26691,0.09577,0.25232,0.8205,0.9988,1,0.995,0.995,0.9988,1,0.995,0.995,0.14157,0.06155,0.13975,0.7927,0.001802,0.001802,0.001802
12,893.878,0.23556,0.08447,0.23396,0.81816,0.99884,1,0.995,0.995,0.99884,1,0.995,0.995,0.13209,0.06735,0.14298,0.7915,0.0017822,0.0017822,0.0017822
13,994.802,0.24584,0.08264,0.23605,0.81661,0.99883,1,0.995,0.995,0.99883,1,0.995,0.995,0.13408,0.05602,0.12564,0.79338,0.0017624,0.0017624,0.0017624
14,1096.44,0.23258,0.09075,0.22436,0.82049,0.99885,1,0.995,0.995,0.99885,1,0.995,0.995,0.13446,0.06976,0.12511,0.79103,0.0017426,0.0017426,0.0017426
15,1194.9,0.22954,0.08664,0.22683,0.81569,0.99879,1,0.995,0.995,0.99879,1,0.995,0.995,0.14511,0.05878,0.13945,0.79225,0.0017228,0.0017228,0.0017228
16,1294.98,0.23642,0.08135,0.22457,0.81325,0.99885,1,0.995,0.995,0.99885,1,0.995,0.995,0.14599,0.05639,0.13453,0.79144,0.001703,0.001703,0.001703
17,1393.78,0.2198,0.0779,0.20868,0.81336,0.99883,1,0.995,0.995,0.99883,1,0.995,0.995,0.1193,0.05741,0.12742,0.78864,0.0016832,0.0016832,0.0016832
18,1488.07,0.22315,0.08685,0.21045,0.81848,0.99883,1,0.995,0.995,0.99883,1,0.995,0.995,0.14666,0.06307,0.14471,0.79122,0.0016634,0.0016634,0.0016634
19,1585.17,0.22094,0.08643,0.20903,0.81637,0.99883,1,0.995,0.995,0.99883,1,0.995,0.995,0.12468,0.06661,0.11605,0.78986,0.0016436,0.0016436,0.0016436
20,1683.88,0.21077,0.07828,0.19805,0.81589,0.99885,1,0.995,0.995,0.99885,1,0.995,0.995,0.12665,0.05565,0.12182,0.79127,0.0016238,0.0016238,0.0016238
21,1781.13,0.21093,0.07579,0.19915,0.81403,0.99884,1,0.995,0.995,0.99884,1,0.995,0.995,0.11068,0.05764,0.10562,0.79,0.001604,0.001604,0.001604
22,1879.74,0.21441,0.0786,0.20272,0.8192,0.99883,1,0.995,0.995,0.99883,1,0.995,0.995,0.12851,0.05605,0.10998,0.79056,0.0015842,0.0015842,0.0015842
23,1979.21,0.21074,0.08087,0.19606,0.81395,0.99885,1,0.995,0.995,0.99885,1,0.995,0.995,0.12457,0.0826,0.12289,0.79046,0.0015644,0.0015644,0.0015644
24,2080.34,0.21985,0.08104,0.20619,0.81591,0.99879,1,0.995,0.995,0.99879,1,0.995,0.995,0.10713,0.06056,0.11305,0.7887,0.0015446,0.0015446,0.0015446
25,2180.77,0.21678,0.07733,0.20076,0.81519,1,1,0.995,0.995,1,1,0.995,0.995,0.10957,0.05719,0.12097,0.78921,0.0015248,0.0015248,0.0015248
26,2281.96,0.20026,0.07488,0.19139,0.81247,0.99885,1,0.995,0.995,0.99885,1,0.995,0.995,0.11887,0.05714,0.1254,0.78839,0.001505,0.001505,0.001505
27,2380.88,0.19042,0.07254,0.18779,0.81361,0.99886,1,0.995,0.995,0.99886,1,0.995,0.995,0.10404,0.05918,0.10061,0.78789,0.0014852,0.0014852,0.0014852
28,2477.54,0.18937,0.07679,0.1819,0.81152,0.99886,1,0.995,0.995,0.99886,1,0.995,0.995,0.10127,0.0563,0.10767,0.78848,0.0014654,0.0014654,0.0014654
29,2577.53,0.19113,0.07469,0.18213,0.80948,0.99886,1,0.995,0.995,0.99886,1,0.995,0.995,0.11051,0.05688,0.10526,0.78761,0.0014456,0.0014456,0.0014456
30,2676.57,0.18779,0.06884,0.1788,0.80777,0.99887,1,0.995,0.995,0.99887,1,0.995,0.995,0.11979,0.05527,0.11232,0.7878,0.0014258,0.0014258,0.0014258
31,2775.57,0.18625,0.07324,0.17293,0.81674,1,1,0.995,0.995,1,1,0.995,0.995,0.09343,0.05622,0.09133,0.78726,0.001406,0.001406,0.001406
32,2873.23,0.17712,0.07228,0.16983,0.81061,0.99882,1,0.995,0.995,0.99882,1,0.995,0.995,0.09519,0.05486,0.09107,0.78731,0.0013862,0.0013862,0.0013862
33,2972.5,0.17405,0.07204,0.17071,0.80696,0.99886,1,0.995,0.995,0.99886,1,0.995,0.995,0.09502,0.05743,0.09405,0.7871,0.0013664,0.0013664,0.0013664
34,3071.19,0.17979,0.0729,0.17264,0.80926,0.99885,1,0.995,0.995,0.99885,1,0.995,0.995,0.09245,0.05707,0.09569,0.7867,0.0013466,0.0013466,0.0013466
35,3171.58,0.17115,0.06937,0.16525,0.81145,1,1,0.995,0.995,1,1,0.995,0.995,0.09254,0.05516,0.09571,0.78592,0.0013268,0.0013268,0.0013268
